{
  "figuras": {
    "Tronco": {
      "nombre": "Tronco",
      "centro": {
        "X": 0.0,
        "Y": 0.0,
        "Z": 0.0
      },
      "x": 0.0,
      "y": 0.0,
      "z": 0.0,
      "color": {
        "R": 0.0,
        "G": 0.0,
        "B": 0.0,
        "A": 0.0
      },
      "caras": {
        "c5": {
          "centro": {
            "X": 0.0,
            "Y": 0.0,
            "Z": 0.0
          },
          "color": {
            "X": 0.58,
            "Y": 0.29,
            "Z": 0.0
          },
          "vertices": {
            "v1": {
              "X": 0.30000001192092896,
              "Y": 1.0,
              "Z": 0.0
            },
            "v2": {
              "X": 0.30000001192092896,
              "Y": -1.0,
              "Z": 0.0
            },
            "v3": {
              "X": -0.30000001192092896,
              "Y": -1.0,
              "Z": 0.0
            },
            "v4": {
              "X": -0.30000001192092896,
              "Y": 1.0,
              "Z": 0.0
            }
          },
          "rotacion": 0.0
        }
      },
      "rotacion": 0.0
    },
    "Ramas": {
      "nombre": "Ramas",
      "centro": {
        "X": 0.0,
        "Y": 2.0,
        "Z": 0.0
      },
      "x": 0.0,
      "y": 0.0,
      "z": 0.0,
      "color": {
        "R": 0.0,
        "G": 0.0,
        "B": 0.0,
        "A": 0.0
      },
      "caras": {
        "c4": {
          "centro": {
            "X": 0.0,
            "Y": 2.0,
            "Z": 0.0
          },
          "color": {
            "X": 0.0,
            "Y": 128.0,
            "Z": 0.0
          },
          "vertices": {
            "v1": {
              "X": -0.699999988079071,
              "Y": 1.0,
              "Z": 0.0
            },
            "v2": {
              "X": 0.699999988079071,
              "Y": 1.0,
              "Z": 0.0
            },
            "v3": {
              "X": 1.0,
              "Y": 0.0,
              "Z": 0.0
            },
            "v4": {
              "X": 0.699999988079071,
              "Y": -1.0,
              "Z": 0.0
            },
            "v5": {
              "X": -0.699999988079071,
              "Y": -1.0,
              "Z": 0.0
            },
            "v6": {
              "X": -1.0,
              "Y": 0.0,
              "Z": 0.0
            }
          },
          "rotacion": 0.0
        }
      },
      "rotacion": 0.0
    }
  }
}