{
  "figuras": {
    "Auto": {
      "nombre": "Auto",
      "centro": {
        "X": 0.0,
        "Y": 0.0,
        "Z": 0.0
      },
      "x": 0.0,
      "y": 0.0,
      "z": 0.0,
      "color": {
        "R": 0.0,
        "G": 0.0,
        "B": 0.0,
        "A": 0.0
      },
      "caras": {
        "c1": {
          "centro": {
            "X": 0.0,
            "Y": 0.0,
            "Z": 0.0
          },
          "color": {
            "X": 1.0,
            "Y": 0.29,
            "Z": 0.0
          },
          "vertices": {
            "v1": {
              "X": 1.0,
              "Y": 1.0,
              "Z": 0.0
            },
            "v2": {
              "X": -1.0,
              "Y": 1.0,
              "Z": 0.0
            },
            "v3": {
              "X": 1.0,
              "Y": 0.0,
              "Z": 0.0
            },
            "v4": {
              "X": 2.0,
              "Y": 0.0,
              "Z": 0.0
            },
            "v5": {
              "X": 2.0,
              "Y": -1.0,
              "Z": 0.0
            },
            "v6": {
              "X": -2.0,
              "Y": -1.0,
              "Z": 0.0
            },
            "v7": {
              "X": -2.0,
              "Y": 0.0,
              "Z": 0.0
            },
            "v8": {
              "X": -1.0,
              "Y": 0.0,
              "Z": 0.0
            },
            "v9": {
              "X": -1.0,
              "Y": 1.0,
              "Z": 0.0
            }
          },
          "angulo": 0.0
        }
      },
      "angulo": 0.0
    },
    "Ruedas": {
      "nombre": "Ruedas",
      "centro": {
        "X": 0.9,
        "Y": -1.0,
        "Z": 0.0
      },
      "x": 0.0,
      "y": 0.0,
      "z": 0.0,
      "color": {
        "R": 0.0,
        "G": 0.0,
        "B": 0.0,
        "A": 0.0
      },
      "caras": {
        "c1": {
          "centro": {
            "X": -1.0,
            "Y": -1.0,
            "Z": 0.0
          },
          "color": {
            "X": 255.0,
            "Y": 255.0,
            "Z": 255.0
          },
          "vertices": {
            "v1": {
              "X": -0.30000001192092896,
              "Y": 0.34999999403953552,
              "Z": 0.10000000149011612
            },
            "v2": {
              "X": 0.30000001192092896,
              "Y": 0.34999999403953552,
              "Z": 0.10000000149011612
            },
            "v3": {
              "X": 0.44999998807907104,
              "Y": 0.0,
              "Z": 0.10000000149011612
            },
            "v4": {
              "X": 0.30000001192092896,
              "Y": -0.34999999403953552,
              "Z": 0.10000000149011612
            },
            "v5": {
              "X": -0.30000001192092896,
              "Y": -0.34999999403953552,
              "Z": 0.10000000149011612
            },
            "v6": {
              "X": -0.44999998807907104,
              "Y": 0.0,
              "Z": 0.10000000149011612
            }
          },
          "angulo": 0.0
        },
        "c2": {
          "centro": {
            "X": 0.9,
            "Y": -1.0,
            "Z": 0.0
          },
          "color": {
            "X": 255.0,
            "Y": 255.0,
            "Z": 255.0
          },
          "vertices": {
            "v1": {
              "X": -0.30000001192092896,
              "Y": 0.34999999403953552,
              "Z": 0.10000000149011612
            },
            "v2": {
              "X": 0.30000001192092896,
              "Y": 0.34999999403953552,
              "Z": 0.10000000149011612
            },
            "v3": {
              "X": 0.44999998807907104,
              "Y": 0.0,
              "Z": 0.10000000149011612
            },
            "v4": {
              "X": 0.30000001192092896,
              "Y": -0.34999999403953552,
              "Z": 0.10000000149011612
            },
            "v5": {
              "X": -0.30000001192092896,
              "Y": -0.34999999403953552,
              "Z": 0.10000000149011612
            },
            "v6": {
              "X": -0.44999998807907104,
              "Y": 0.0,
              "Z": 0.10000000149011612
            }
          },
          "angulo": 0.0
        }
      },
      "angulo": 0.0
    }
  },
  "angulo": 0.0,
  "rotacionX": 0.0,
  "rotacionY": 0.0,
  "rotacionZ": 0.0,
  "tx": 0.0,
  "ty": 0.0,
  "tz": 0.0
}